{
  "region-de-tanger-tetouan-al-hoceima": 27835.771975254378,
  "region-de-loriental": 17808.716111123158,
  "region-de-fes-meknes": 30552.034258215812,
  "region-de-rabat-sale-kenitra": 40755.17969653751,
  "region-de-beni-mellal-khenifra": 15339.7630094398,
  "region-de-casablanca-settat": 63854.509618579476,
  "region-de-marrakech-safi": 24705.5741530632,
  "region-de-draa-tafilalet": 5890.765343843216,
  "region-de-souss-massa": 18173.394912824533,
  "region-de-guelmim-oued-noun": 2576.50762658946,
  "region-de-laayoune-sakia-el-hamra": 3001.7778052887033,
  "region-de-dakhla-oued-ed-dahab": 956.9437781948092
}