{
  "region-de-tanger-tetouan-al-hoceima": 28703.927567716804,
  "region-de-loriental": 18247.44847195998,
  "region-de-fes-meknes": 29417.861195388658,
  "region-de-rabat-sale-kenitra": 40657.75929560193,
  "region-de-beni-mellal-khenifra": 16317.516878510585,
  "region-de-casablanca-settat": 56657.00758172944,
  "region-de-marrakech-safi": 25144.67801710739,
  "region-de-draa-tafilalet": 7052.5186749621935,
  "region-de-souss-massa": 19086.174472655654,
  "region-de-guelmim-oued-noun": 2720.5784121391343,
  "region-de-laayoune-sakia-el-hamra": 3745.67678023712,
  "region-de-dakhla-oued-ed-dahab": 1083.9246888334117
}