{
  "region-de-tanger-tetouan-al-hoceima": 11041.579336357318,
  "region-de-loriental": 11101.593898041046,
  "region-de-fes-meknes": 14138.784053160818,
  "region-de-rabat-sale-kenitra": 14983.908536168152,
  "region-de-beni-mellal-khenifra": 10620.574336335469,
  "region-de-casablanca-settat": 14632.732885246753,
  "region-de-marrakech-safi": 10506.691561599033,
  "region-de-draa-tafilalet": 3321.924451988991,
  "region-de-souss-massa": 10044.153027339176,
  "region-de-guelmim-oued-noun": 1343.539267063685,
  "region-de-laayoune-sakia-el-hamra": 1670.146370536606,
  "region-de-dakhla-oued-ed-dahab": 265.37981724924975
}