{
  "region-de-tanger-tetouan-al-hoceima": 13565.652238656157,
  "region-de-loriental": 10226.30893636088,
  "region-de-fes-meknes": 14879.13669483023,
  "region-de-rabat-sale-kenitra": 21161.895262909875,
  "region-de-beni-mellal-khenifra": 9275.902650554995,
  "region-de-casablanca-settat": 23957.391922424875,
  "region-de-marrakech-safi": 12536.16091008789,
  "region-de-draa-tafilalet": 3596.1120957138196,
  "region-de-souss-massa": 8549.588851573597,
  "region-de-guelmim-oued-noun": 961.0799958719292,
  "region-de-laayoune-sakia-el-hamra": 1464.5727167738578,
  "region-de-dakhla-oued-ed-dahab": 278.4743432734336
}