{
  "region-de-tanger-tetouan-al-hoceima": 19559.580848265126,
  "region-de-loriental": 14775.7524358163,
  "region-de-fes-meknes": 21018.424465455057,
  "region-de-rabat-sale-kenitra": 29573.96052855072,
  "region-de-beni-mellal-khenifra": 13284.876232850578,
  "region-de-casablanca-settat": 35218.79444356097,
  "region-de-marrakech-safi": 18095.284775387514,
  "region-de-draa-tafilalet": 5545.3386293556,
  "region-de-souss-massa": 13231.122007392632,
  "region-de-guelmim-oued-noun": 1821.7044855325237,
  "region-de-laayoune-sakia-el-hamra": 2654.5707228012475,
  "region-de-dakhla-oued-ed-dahab": 544.345046635659
}