{
  "region-de-tanger-tetouan-al-hoceima": 1755.8824041711227,
  "region-de-loriental": 1273.7845166543643,
  "region-de-fes-meknes": 1811.518598782854,
  "region-de-rabat-sale-kenitra": 2726.3783871964574,
  "region-de-beni-mellal-khenifra": 1160.0369749692363,
  "region-de-casablanca-settat": 3124.90297443402,
  "region-de-marrakech-safi": 1533.9934408361944,
  "region-de-draa-tafilalet": 391.9286984671013,
  "region-de-souss-massa": 1003.2848523624422,
  "region-de-guelmim-oued-noun": 103.20729842606625,
  "region-de-laayoune-sakia-el-hamra": 133.99454851321502,
  "region-de-dakhla-oued-ed-dahab": 20.329895240898754
}