{
  "region-de-tanger-tetouan-al-hoceima": 33958.043051160435,
  "region-de-loriental": 17703.534920252663,
  "region-de-fes-meknes": 33714.73417548602,
  "region-de-rabat-sale-kenitra": 46131.46392188986,
  "region-de-beni-mellal-khenifra": 15788.575979317304,
  "region-de-casablanca-settat": 71272.27573850912,
  "region-de-marrakech-safi": 28236.4842368266,
  "region-de-draa-tafilalet": 6273.137959734077,
  "region-de-souss-massa": 21662.479032212268,
  "region-de-guelmim-oued-noun": 2740.895411602729,
  "region-de-laayoune-sakia-el-hamra": 3646.9397215944937,
  "region-de-dakhla-oued-ed-dahab": 1575.166669437591
}