{
  "region-de-tanger-tetouan-al-hoceima": 13479.626392702583,
  "region-de-loriental": 14054.388306036251,
  "region-de-fes-meknes": 17516.795180400914,
  "region-de-rabat-sale-kenitra": 19933.204875786556,
  "region-de-beni-mellal-khenifra": 14148.072145518498,
  "region-de-casablanca-settat": 19270.354093855418,
  "region-de-marrakech-safi": 13098.302731248332,
  "region-de-draa-tafilalet": 4266.062916336233,
  "region-de-souss-massa": 14067.926254681399,
  "region-de-guelmim-oued-noun": 1868.6293972231238,
  "region-de-laayoune-sakia-el-hamra": 2438.5137273378664,
  "region-de-dakhla-oued-ed-dahab": 543.4534530058577
}